Company Name,Website,Email,Address,Social Links,Category,Date Added
Quality AC Repair Services for Your Comfort,https://airprosusa.com/air-conditioner/ac-repair/,,,"https://twitter.com/AirProsUSA, https://www.facebook.com/AirProsUSA, https://www.instagram.com/airprosusa/",HVAC & AC repair,2026-01-31
Goodman: Air Conditioning and Heating Systems,https://www.goodmanmfg.com/,,,"https://www.facebook.com/GoodmanMfg/, https://twitter.com/Goodman_Mfg, https://www.instagram.com/goodman_mfg, https://www.linkedin.com/company/goodman-manufacturing",HVAC & AC repair,2026-01-31
HVAC Services - Home Comfort USA,https://www.homecomfortusa.com/services/,,,,HVAC & AC repair,2026-01-31
Repair USA,https://www.repairusa.com/,sales@repairusa.com,,https://facebook.com/people/Repair-USA-Heating-Air-Conditioning/100063824896218/,HVAC & AC repair,2026-01-31
Service Experts,https://www.serviceexperts.com/,,,"https://www.linkedin.com/company/service-experts, https://www.facebook.com/ServiceExpertsHeatingandAirConditioning/, https://www.instagram.com/service_experts/?hl=en",HVAC & AC repair,2026-01-31
AC Service Tech: HVAC Training,https://www.acservicetech.com/,info@acservicetech.com,,"https://www.linkedin.com/company/ac-service-tech-llc/, https://twitter.com/acservicetech, https://www.instagram.com/acservicetech/, https://www.facebook.com/acservicetech",HVAC & AC repair,2026-01-31
HVAC Repair: Heating & AC Repair + Installation,https://www.aireserv.com/,,,,HVAC & AC repair,2026-01-31
Denver AC Repair,https://www.brothersplumbing.com/denver-ac-repair/,,,"https://www.facebook.com/pg/BrothersPlumbingHeatingElectric/reviews/, https://www.facebook.com/BrothersPlumbingHeatingElectric, https://twitter.com/brotherplumbing, https://www.linkedin.com/company/brothers-plumbing-heating-and-electric, https://www.instagram.com/brothers_plumbing/",HVAC & AC repair,2026-01-31
Air Conditioning Service Guide,https://www.carrier.com/residential/en/us/products/air-conditioners/air-conditioner-service/,,,"https://www.linkedin.com/company/carrierhvac, https://twitter.com/CarrierAtHome, https://www.facebook.com/carrierathome, https://www.instagram.com/carrier_hvac/",HVAC & AC repair,2026-01-31
Downtown Air and Heat: Orlando HVAC Services & AC Repair,https://downtown-air.com/,,,,HVAC & AC repair,2026-01-31
Downtown Air and Heat: Orlando HVAC Services & AC Repair,https://downtown-air.com/,,,,HVAC & AC repair,2026-01-31
Air Conditioning Repair & Service in Maryland - Constellation Home,https://www.constellationhome.com/md/cooling/ac-repair/,,,,HVAC & AC repair,2026-01-31
Expert HVAC Near Me,https://www.onehourheatandair.com/,,,"https://twitter.com/OneHourHeatAir, https://www.facebook.com/onehourheatandaircorp, https://www.instagram.com/onehourheatair/?hl=en",HVAC & AC repair,2026-01-31
YORK,https://www.york.com/,,,,HVAC & AC repair,2026-01-31
Heating Repair Contractor,https://wrightacandheating.com/,,,https://facebook.com/204749136258604,HVAC & AC repair,2026-01-31
"HVAC Contractor in Hendersonville, NC - Licensed & Insured",https://horizonheatac.com/,,,"https://www.instagram.com/_horizonheatac/, https://www.facebook.com/horizonheatac/",HVAC & AC repair,2026-01-31
"Reliable Heating & Air: Atlanta AC Repair, HVAC Service & Install ...",https://reliableair.com/,,,"https://www.linkedin.com/company/reliable-heating-&-air/, https://www.instagram.com/reliableheatingandair/, https://www.facebook.com/ReliableAir, https://twitter.com/ReliableAir",HVAC & AC repair,2026-01-31
Jacksonville's Go-To HVAC Company for Heating Repair & AC ...,https://www.coolrusnfl.com/,,,https://www.facebook.com/CoolRUs/,HVAC & AC repair,2026-01-31
Bob's Heating & Air Conditioning: Residential HVAC Company You ...,https://www.bobsheating.com/,,,"https://www.instagram.com/bobsheating/, https://www.facebook.com/bobsheatingandair, https://www.linkedin.com/company/bob%27s-heating-&-air-conditioning/",HVAC & AC repair,2026-01-31
RCI Air Conditioning Company: AC Repair,https://rci-air.com/,,,"https://twitter.com/RCI_AC, https://www.facebook.com/rciairconditioning",HVAC & AC repair,2026-01-31
"Chucks AC: Air Conditioning AC & Heating Repair Services, Central ...",https://chucksac.com/,chuck@chucksac.com,,"https://www.facebook.com/people/Chucks-AC/100052640085027/, https://www.instagram.com/chucks_air_conditioning_llc/",HVAC & AC repair,2026-01-31
Goldkamp Heating & Cooling: Furnace Repair Florissant MO,https://www.goldkamphvac.com/,,,https://www.facebook.com/GoldkampHVAC/,HVAC & AC repair,2026-01-31
A-US Air Conditioning of Texas,https://ausairtexas.com/,,,,HVAC & AC repair,2026-01-31
How much do you guys charge for a basic service call + replace the ...,https://www.reddit.com/r/HVAC/comments/oir7n1/how_much_do_you_guys_charge_for_a_basic_service/,,,,HVAC & AC repair,2026-01-31
"Buehler Air: HVAC and Plumbing Services in Jacksonville, FL",https://buehlerair.com/,,,"https://www.instagram.com/buehler_ac/?hl=en, https://www.facebook.com/BuehlerAirConditioning/",HVAC & AC repair,2026-01-31
Cool Air USA: AC Repair Fort Lauderdale Emergency AC Repair ...,https://www.coolairusa.com/,,,,HVAC & AC repair,2026-01-31
HVAC Company,https://www.standardheating.com/,,,"https://www.instagram.com/explore/locations/44937017/standard-heating-air-conditioning/, https://twitter.com/StandardHeating, https://www.facebook.com/StandardHeating, https://www.linkedin.com/company/standard-heating-&-air-conditioning/",HVAC & AC repair,2026-01-31
Goettl Air Conditioning Services - Plumbing - Heating - HVAC,https://www.goettl.com/,,,,HVAC & AC repair,2026-01-31
"HVAC Contractor Chicago, IL",https://www.bescoair.net/,,,"https://www.facebook.com/bescoair, https://twitter.com/BescoAirInc",HVAC & AC repair,2026-01-31
Total Comfort: HVAC Service and AC Repair Daytona Beach,https://totalcomfortfl.com/,,,"https://www.facebook.com/totalcomfortfl, https://twitter.com/totalcomfortfl, https://www.instagram.com/totalcomfort400/",HVAC & AC repair,2026-01-31
United States Electric Company,https://www.usesupply.com/,,,,Electricians,2026-01-31
Lincoln Electric,https://www.lincolnelectric.com/en/,,,,Electricians,2026-01-31
G&W Electric: Homepage,https://www.gwelectric.com/,,,"https://www.instagram.com/gwelectric/, https://www.facebook.com/GWElectricCompany/, https://www.linkedin.com/company/g&w-electric-co-/",Electricians,2026-01-31
Franklin Electric: Home,https://www.franklin-electric.com/,,,https://www.linkedin.com/company/franklin-electric/,Electricians,2026-01-31
S&C Electric Company,https://www.sandc.com/,,,"https://www.instagram.com/sandcelectric/, https://www.facebook.com/SandCelectric, https://www.linkedin.com/company/25894, https://twitter.com/SandCElectric",Electricians,2026-01-31
Westinghouse,https://westinghousenuclear.com/,,,"https://www.linkedin.com/company/westinghouse-electric-company/, https://www.facebook.com/WestinghouseNuclear",Electricians,2026-01-31
AEP.com,https://www.aep.com/,,,,Electricians,2026-01-31
Schneider Electric USA,https://www.se.com/us/en/,,,,Electricians,2026-01-31
GE Companies: Next Generation and Future,https://www.ge.com/,,,,Electricians,2026-01-31
List of United States electric companies - Wikipedia,https://en.wikipedia.org/wiki/List_of_United_States_electric_companies,,,,Electricians,2026-01-31
Tampa Electric,https://www.tampaelectric.com/,,,"https://www.linkedin.com/company/tampa-electric/, https://www.facebook.com/tampaelectric, https://www.twitter.com/tampaelectric, https://www.instagram.com/tampa_electric/",Electricians,2026-01-31
Rosendin Electric,https://www.rosendin.com/,,,"https://www.linkedin.com/, https://www.facebook.com/rosendininc, https://www.linkedin.com/company/rosendininc/, https://www.twitter.com/, https://www.instagram.com/rosendininc/",Electricians,2026-01-31
Hawaiian Electric: Home,https://www.hawaiianelectric.com/,,,"https://www.facebook.com/HawaiianElectric, https://www.linkedin.com/company/hawaiianelectric, https://instagram.com/hawaiianelectric, https://twitter.com/hwnelectric",Electricians,2026-01-31
Oncor Electric,https://www.oncor.com/content/oncorwww/us/en/home.html,contactcenter@oncor.com,,"https://www.linkedin.com/company/oncor-electric-delivery/, http://twitter.com/oncor, https://www.instagram.com/oncordelivers/, http://facebook.com/oncor",Electricians,2026-01-31
PG&E: Pacific Gas & Electric Company,https://www.pge.com/en.html,,,"https://www.linkedin.com/company/pacific-gas-and-electric-company, https://www.instagram.com/accounts/login/?next=/pacificgasandelectric/, https://www.facebook.com/pacificgasandelectric/?nr, https://twitter.com/pge4me",Electricians,2026-01-31
Rogers Electric: Reliable Electrical Company,https://www.rogerselectric.com/,,,"https://twitter.com/Rogers_Electric, https://instagram.com/rogers_electric/, https://www.facebook.com/RogersElectric, https://www.linkedin.com/company/rogers-electric",Electricians,2026-01-31
El Paso Electric,https://www.epelectric.com/,,,,Electricians,2026-01-31
Graybar,https://www.graybar.com/,graybarsupport@graybar.com,,"https://twitter.com/graybar, https://www.linkedin.com/company/graybar, https://instagram.com/graybarelectric, https://www.facebook.com/Graybar",Electricians,2026-01-31
Baldor.com: Home,https://www.baldor.com/,,,"https://twitter.com/ABBMotorDriveUS, https://www.instagram.com/abbmotorsdrivesus/, https://www.facebook.com/ABBMotorsDrivesUS, https://www.linkedin.com/company/28139936/",Electricians,2026-01-31
Electrical Contractor & Engineer USA,https://www.gaylor.com/,contactus@gaylor.com,,"https://twitter.com/gaylorelectric, https://www.facebook.com/gaylorelectric/, https://www.instagram.com/gaylor_electric/, https://www.linkedin.com/company/gaylor-inc-/",Electricians,2026-01-31
Portland General Electric (PGE),https://portlandgeneral.com/,,,"https://instagram.com/portlandgeneral, https://twitter.com/portlandgeneral, https://www.facebook.com/portlandgeneralelectric, https://www.linkedin.com/company/portland-general-electric",Electricians,2026-01-31
National Electrical Contractors Association,https://www.necanet.org/,,,,Electricians,2026-01-31
SRP,https://www.srpnet.com/,,,,Electricians,2026-01-31
SDGE,https://www.sdge.com/home,,,,Electricians,2026-01-31
"Sumitomo Electric Finance U.S.A., Inc.",https://sumitomoelectric.com/company/office_group_companies/sumitomo-electric-finance-usa-inc,,,https://www.linkedin.com/company/sumitomo-electric,Electricians,2026-01-31
Electric Hydrogen,https://eh2.com/,,,https://www.linkedin.com/company/electric-h2/,Electricians,2026-01-31
Tucson Electric Power: Home,https://www.tep.com/,,,"https://www.instagram.com/tucsonelectricpower/, https://www.facebook.com/TucsonElectricPower, https://www.linkedin.com/company/tucson-electric-power, https://twitter.com/TEPenergy",Electricians,2026-01-31
"Local Electricians, Contractors & Companies Near USA - Houzz",https://www.houzz.com/professionals/electrical-contractors/usa-probr0-bo~t_11818~r_6252001,,,http://www.facebook.com/houzz,Electricians,2026-01-31
Southern Company: Home,https://www.southerncompany.com/,,,"https://twitter.com/SouthernCompany, https://www.facebook.com/SOCompany/, https://www.instagram.com/southerncompany/, https://www.linkedin.com/company/southern-company/",Electricians,2026-01-31
"Cleveland Electric // Leading Specialty Contractor Atlanta, Georgia",http://www.clevelandelectric.com/,contact@clevelandgroup.com,,"https://www.facebook.com/Cleveland-Electric-Company-130357100366358, https://www.linkedin.com/company/cleveland-electric/",Electricians,2026-01-31
2020 Top 100 Roofing Contractors,https://www.roofingcontractor.com/RC-Top-100-2020,,,,Roofing contractors,2026-01-31
GAF Roofing: North America's Leading Roofing Manufacturer,https://www.gaf.com/,,,,Roofing contractors,2026-01-31
Roofing Contractor,https://www.roofingcontractor.com/,,,,Roofing contractors,2026-01-31
Premier Commercial Roofing Company in Kansas City,https://jrcousa.com/,,,"https://www.facebook.com/JRCOUSA, https://www.linkedin.com/company/jrcousa/, https://www.instagram.com/jrcousa/",Roofing contractors,2026-01-31
National Roofing Contractors Association Home - NRCA,https://www.nrca.net/,,,"https://www.facebook.com/OfficialNRCA/, https://www.instagram.com/officialnrca/, http://www.linkedin.com/company/national-roofing-contractors-association",Roofing contractors,2026-01-31
2024 Top 150 Roofing Contractors List,https://apple-pomegranate-wjb8.squarespace.com/s/2024-Top-150-Roofing-Contractors-List-_-Roofing-Contractor.pdf,J@M.lx,,,Roofing contractors,2026-01-31
Mr. Roof: The Largest Residential Roofing Contractors in America,https://www.mrroof.com/,,,,Roofing contractors,2026-01-31
"Jireh Roofing Contractor USA, Inc",https://www.jirehroofingcontractorusainc.com/,office@jirehroofingcontractorusainc.com,,"http://instagram.com/jirehroofingusainc, https://www.facebook.com/JIREHROOFINGCONTRACTORUSA",Roofing contractors,2026-01-31
Western States Roofing Contractors Association,https://wsrca.com/,,,,Roofing contractors,2026-01-31
Commercial Roofing & Building Envelope Systems - Garland Co,https://www.garlandco.com/,,,,Roofing contractors,2026-01-31
"Atlas Roofing Shingles, Underlayments & Ventilation Homepage ...",https://www.atlasroofing.com/,,,"https://www.linkedin.com/company/atlas-roofing-corporation, https://twitter.com/AtlasRoofing, https://www.instagram.com/atlasroofing, https://www.facebook.com/AtlasRoofing",Roofing contractors,2026-01-31
USA Roofing & Waterproofing LLC,https://www.usaroofingpdx.com/,,,"https://instagram.com/usaroofingandwaterproofingor, https://facebook.com/usaroofingpdx",Roofing contractors,2026-01-31
"Roofing Contractors in the US Industry Analysis, 2025 - IBISWorld",https://www.ibisworld.com/united-states/industry/roofing-contractors/198/,,,"https://www.facebook.com/IBISWorldInc/, https://twitter.com/ibisworld/, https://www.linkedin.com/company/ibisworld",Roofing contractors,2026-01-31
Baker Roofing Company: The Nation's Top Roofing Contractor,https://bakerroofing.com/,,,"https://www.facebook.com/bakerroofing/, https://www.instagram.com/bakerroofing/",Roofing contractors,2026-01-31
USA Roofing and Construction,https://usaroofingandconstructioninc.com/,usaroofingac@gmail.com,,"https://www.facebook.com/profile.php?id=100090958724566&mibextid=ZbWKwL, https://twitter.com/USA_ROOFING_AC?t=RYEmpVdMm-P5qZikeKXpNQ&s=09",Roofing contractors,2026-01-31
"Owens Corning: Roofing, Insulation, Composite Materials, and Doors",https://www.owenscorning.com/en-us,,,,Roofing contractors,2026-01-31
Best roofing companies in US : r/Roofing - Reddit,https://www.reddit.com/r/Roofing/comments/13arfnq/best_roofing_companies_in_us/,,,,Roofing contractors,2026-01-31
More Than Just a Roof®,https://www.owenscorning.com/en-us/roofing,,,,Roofing contractors,2026-01-31
Linear Roofing General Contractors - Get a Free Quote Today,https://linearroofing.com/,,,"https://www.facebook.com/linearroofing/, https://www.linkedin.com/company/linear-roofing/, https://www.instagram.com/linearroofingllc/",Roofing contractors,2026-01-31
Roofing Contractors in USA,https://www.bbb.org/us/category/roofing-contractors,,,,Roofing contractors,2026-01-31
"Flynn Group of Companies: Commercial Roofing, Glazing, & Cladding",https://flynncompanies.com/,,,"https://ca.linkedin.com/company/flynn-companies, https://www.facebook.com/FlynnCompanies",Roofing contractors,2026-01-31
Farha Roofing,https://farharoofing.com/,,,"https://www.facebook.com/FarhaRoofing, https://www.instagram.com/farharoofing/, https://www.linkedin.com/company/3108553/admin/",Roofing contractors,2026-01-31
Better Roofing USA,https://betterroofingusainc.com/,betterroofingusainc@yahoo.com,,https://www.facebook.com/pages/category/Construction-Company/Better-Roofing-USA-Inc-245228529462794/,Roofing contractors,2026-01-31
"Commercial Roofers, Inc.",https://commroof.com/,service@commroof.com,,https://www.facebook.com/commroof/,Roofing contractors,2026-01-31
CMR Construction & Roofing - Top U.S. Roofing Company,https://cmrconstruction.com/,,,"https://twitter.com/CMRroofing, https://www.instagram.com/cmrroofing/, https://www.linkedin.com/company/959280, https://www.facebook.com/cmrconstructionandroofing/",Roofing contractors,2026-01-31
TAMKO Building Products,https://www.tamko.com/,,,"https://www.linkedin.com/company/tamko, https://www.facebook.com/TAMKO-Building-Products-512616912141578/, https://www.instagram.com/tamkobuildingproducts/, https://twitter.com/TAMKO_News",Roofing contractors,2026-01-31
Peak Roofing Contractors,https://www.peakroofingcontractors.com/,,,"https://twitter.com/worthapeak, https://www.facebook.com/peakroofingcontractors/, https://www.instagram.com/peakroofingcontractorsinc",Roofing contractors,2026-01-31
30 Top Commercial Roofing Contractors in 2025 - Siteline,https://www.siteline.com/blog/top-commercial-roofing-contractors,,,"https://www.facebook.com/sitelinehq/, https://www.linkedin.com/in/claire-wilson-824190a5/, https://www.linkedin.com/company/siteline-technologies/",Roofing contractors,2026-01-31
"Vertex Roof Inc: Roofing Company in Manassas, Virginia",https://vertexroofinc.com/,,,"https://www.instagram.com/vertexroofing/, https://www.facebook.com/vertexroofinginc",Roofing contractors,2026-01-31
"Tech Roofing Service, Inc.: Home",https://techroofing.com/,,,"https://www.instagram.com/techroofingservice/, https://www.linkedin.com/company/tech-roofing-service-inc/",Roofing contractors,2026-01-31
"Orkin Termite Treatment, Pest Control & Exterminator Service",https://www.orkin.com/,,,"https://www.facebook.com/OrkinPestControl/, https://www.linkedin.com/company/orkin-pest-control/, https://www.instagram.com/orkinpestcontrol/?hl=en",Pest control,2026-01-31
Anticimex,https://us.anticimex.com/,,,"https://www.linkedin.com/company/anticimex-group/, https://www.facebook.com/anticimex",Pest control,2026-01-31
Residential & Commercial Pest Control Company,https://usapestmanagement.com/,,,,Pest control,2026-01-31
"Loganville, GA",https://pestusa.com/loganville,,,"https://www.instagram.com/@teampest_usa/, https://www.facebook.com/TeamPestUSA, https://twitter.com/@teampestusa, https://linkedin.com/teampestusa",Pest control,2026-01-31
Fox Pest Control: Pest Control and Extermination Services,https://fox-pest.com/,,,,Pest control,2026-01-31
16 Largest Pest Control Companies in USA - Yahoo Finance,https://finance.yahoo.com/news/16-largest-pest-control-companies-135831643.html,,,"https://twitter.com/YahooFinance, https://www.linkedin.com/company/yahoo-finance, https://facebook.com/yahoofinance",Pest control,2026-01-31
Pest Control & Termite Treatment: Local Exterminators,https://www.terminix.com/,,,,Pest control,2026-01-31
PCT Top 100 companies - Pest Control Technology,https://www.pctonline.com/page/top-100-companies/,,,,Pest control,2026-01-31
Anyone in here start a pest control business? : r/sweatystartup - Reddit,https://www.reddit.com/r/sweatystartup/comments/106w1sy/anyone_in_here_start_a_pest_control_business/,,,,Pest control,2026-01-31
Cats USA Pest Control,https://catspestcontrol.com/wps/,,,https://twitter.com/CatsPest,Pest control,2026-01-31
PestMaster: Pest Control,https://www.pestmaster.com/,,,,Pest control,2026-01-31
Residential & Commercial Pest Control,https://bugbustersusa.com/,,,"https://www.instagram.com/bugbustersusa/, https://www.facebook.com/BugBustersUSA/, https://www.linkedin.com/company/bug-busters-usa/, https://twitter.com/bugbustersusa",Pest control,2026-01-31
BASF Pest Control,https://pestcontrol.basf.us/,,,https://www.facebook.com/BASF.PestControl.US/,Pest control,2026-01-31
Evo Pest Control – Relentless Customer Service,https://evopest.com/,,,"https://web.facebook.com/profile.php?id=61574958467609&_rdc=1&_rdr, https://www.instagram.com/evo.pest/?fbclid=IwY2xjawLs2F9leHRuA2FlbQIxMQBicmlkETFCblFqcTRzYkcyVkZnelg1AR4OxIEKWoNqySD_tS4NhEUvyllu776m0g9i90xa-z6nBOCUfJUd5Y7om59j9Q_aem_bz9RHCdtixF2HD_h4Y5yhA",Pest control,2026-01-31
Clark Pest Control,https://www.clarkpest.com/,,,"https://www.twitter.com/ClarkPest, https://www.linkedin.com/companies/40349, https://www.linkedin.com/company/clark-pest-control/about/, https://www.facebook.com/ClarkPest",Pest control,2026-01-31
"Rollins, Inc. (ROL)",https://www.rollins.com/,,,https://www.linkedin.com/company/rollins-inc./,Pest control,2026-01-31
Home – New - Exterminator,https://unitedstatespestservice.com/,info@uspestservice.com,,,Pest control,2026-01-31
Greenix Pest Control: Pest Control Company,https://www.greenixpc.com/,,,,Pest control,2026-01-31
USA Pest Defense - Pest Control Services - Free Pest Inspection ...,https://usapestdefense.com/,,,,Pest control,2026-01-31
Professional Pest Management,https://www.syngentapmp.com/,,,https://www.linkedin.com/showcase/syngentapest/,Pest control,2026-01-31
"Bell Laboratories, INC.",https://www.belllabs.com/,,,"https://www.linkedin.com/company/bell-laboratories-inc-/, https://www.facebook.com/people/Bell-Laboratories-Inc/100064785368120/, https://twitter.com/BellLabsMouse",Pest control,2026-01-31
Insect & Pest Control Solutions,https://www.mgk.com/,,,"https://www.linkedin.com/company/mgk, https://www.facebook.com/MGKInsect/, https://twitter.com/mgkpestcontrol?lang=en",Pest control,2026-01-31
Xcluder,https://buyxcluder.com/,,,"https://www.facebook.com/Xcluder/, https://www.instagram.com/xcluder/?hl=en, https://www.linkedin.com/showcase/xcluder-rodent-and-pest-defense/",Pest control,2026-01-31
"Total Pest Control, LLC",https://www.totalpestcontrolct.com/,,,https://www.facebook.com/tpcctllc,Pest control,2026-01-31
The experts in commercial pest control,https://www.rentokil.com/us/,,,,Pest control,2026-01-31
National Pest Management Association: NPMA Home,https://www.npmapestworld.org/,npma@pestworld.org,,"https://www.linkedin.com/company/nationalpestmgt, https://www.facebook.com/NationalPestManagementAssn, https://www.instagram.com/nationalpestmgt/, https://twitter.com/nationalpestmgt",Pest control,2026-01-31
"Truly Nolen Pest Control, Termite Control & Exterminator",https://www.trulynolen.com/,info@trulynolen.com,,"https://www.instagram.com/trulynolen/?hl=en, https://www.linkedin.com/company/truly-nolen/, https://www.facebook.com/TrulyNolen/",Pest control,2026-01-31
Ehrlich Pest Control: Pest Control & Local Exterminator Services,https://www.jcehrlich.com/,,,,Pest control,2026-01-31
OPC Pest Services: Pest Control & Exterminator Services,https://www.opcpest.com/,,,"https://www.instagram.com/opcpest/, https://twitter.com/opcpest, https://www.facebook.com/opcpest, https://www.linkedin.com/company/opc-pest-services",Pest control,2026-01-31
Nature-Cide Pesticides and Repellents,https://nature-cide.com/,,,"https://www.instagram.com/naturecide/, https://www.facebook.com/NatureCide/, https://twitter.com/naturecide?lang=en",Pest control,2026-01-31
I work for a company that gives us 25-30% of gross. Am I getting ...,https://www.reddit.com/r/Locksmith/comments/utpyef/i_work_for_a_company_that_gives_us_2530_of_gross/,,,,Locksmiths,2026-01-31
Key Me: Locksmith & Key Copy Services,https://key.me/,,,"https://www.instagram.com/keymeinc/, https://twitter.com/KeyMe",Locksmiths,2026-01-31
Locksmith Keyless: Wholesale Locksmith Supplies,https://www.locksmithkeyless.com/,,,"https://twitter.com/lksmithkeyless, https://www.facebook.com/LocksmithKeyless, https://www.instagram.com/locksmithkeyless/, https://www.linkedin.com/company/locksmith-keyless",Locksmiths,2026-01-31
John A. Koons Locksmiths: Locksmiths Estero,https://www.koonslocksmiths.com/,,,,Locksmiths,2026-01-31
Electronic Locksmith,https://www.electroniclocksmith.com/,orders@electroniclocksmith.com,,,Locksmiths,2026-01-31
ALOA: HOME,https://www.aloa.org/,membership@aloa.org,,"https://www.facebook.com/ALOA.org/, https://www.linkedin.com/company/aloa-security-professionals-association-inc/",Locksmiths,2026-01-31
"Locksmiths in the US Industry Analysis, 2025 - IBISWorld",https://www.ibisworld.com/united-states/industry/locksmiths/4833/,,,"https://www.facebook.com/IBISWorldInc/, https://twitter.com/ibisworld/, https://www.linkedin.com/company/ibisworld",Locksmiths,2026-01-31
"MBA USA, Inc.",https://mbausa.com/,,,"http://www.twitter.com/mbausainc, http://instagram.com/mbausasecurity, https://www.facebook.com/pages/MBA-USA-Inc/264957056851904",Locksmiths,2026-01-31
A-1 Locksmith - Dallas-Fort Worth Locksmith and Safe Showroom,https://www.a-1locksmith.com/,info@a-1locksmith.com,,"https://www.instagram.com/a1locksmithdfw/, https://twitter.com/A1LocksmithDFW, https://www.linkedin.com/company/a-1-locksmith-dfw/, https://www.facebook.com/A1LocksmithDFW",Locksmiths,2026-01-31
Marks USA,https://marksusa.com/,salesinfo@napcosecurity.com,,"https://www.facebook.com/Napco-Security-Technologies-Inc-266486916790145/, https://www.instagram.com/explore/tags/napcosecurity/, https://twitter.com/NSSCSecurity",Locksmiths,2026-01-31
Locksmith Company Application for License - BSIS,https://www.bsis.ca.gov/forms_pubs/lco_app.pdf,,,,Locksmiths,2026-01-31
