Name,Full Address,Street,Municipality,Categories,Price,Phone,Claimed,Review Count,Average Rating,Review Url,Cid,Featured Image,Latitude,Longitude,Website,Domain,Opening Hours,Google Knowledge Url,Kgmid,Google Maps Url,Place Id,Emails,Facebook Links,Instagram Links,Youtube Links,Tiktok Links,Linkedin Links,Twitter Links,Yelp Links,Pinterest Links,Search Keyword
Agicent App Company NYC,"60 E 42nd St 46th floor, New York, NY 10165",60 E 42nd St 46th floor,"New York, NY 10165","Software company, Computer consultant, Computer service, Website designer",,(646) 466-4369,YES,,5,https://search.google.com/local/reviews?placeid=ChIJpXA7cnZZwokRIWR-QLMXF3U&authuser=0&hl=en&gl=US,8437238485550523425,,40.7521961,-73.9787133,www.agicent.com/,agicent.com,Sunday(2026-02-01): [Open 24 hours],https://www.google.com/search?kgmid=/g/11rwpbbp_d,/g/11rwpbbp_d,https://www.google.com/maps?cid=8437238485550523425,ChIJpXA7cnZZwokRIWR-QLMXF3U,"career@agicent.com, name@example.com, sales@agicent.com",https://www.facebook.com/agicentappcompany,https://www.instagram.com/agicent_technologies/,,,https://in.linkedin.com/company/agicent-technologies,https://twitter.com/iPhoneDevChamps,,,software company in United States of America
HQSoftware,"315 Madison Ave #3045, New York, NY 10017",315 Madison Ave #3045,"New York, NY 10017",Software company,,(737) 600-8787,YES,,5,https://search.google.com/local/reviews?placeid=ChIJb7jKdT5ZwokRC42m0MyCWEY&authuser=0&hl=en&gl=US,5068945196791008523,https://streetviewpixels-pa.googleapis.com/v1/thumbnail?panoid=W20x99jg6GrjxG8ehrOvbg&cb_client=search.gws-prod.gps&w=80&h=92&yaw=126.875465&pitch=0&thumbfov=100,40.752541199999996,-73.9792042,hqsoftwarelab.com/,hqsoftwarelab.com,Sunday(2026-02-01): [Closed],https://www.google.com/search?kgmid=/g/11qh8f43vw,/g/11qh8f43vw,https://www.google.com/maps?cid=5068945196791008523,ChIJb7jKdT5ZwokRC42m0MyCWEY,"ava1@2.jpg, our-differences-two@2-1.jpg, our-differences@2.jpg, team@hqsoftwarelab.com",https://www.facebook.com/HQSoftwareCompany/,,"https://www.youtube.com/channel/UCM9PM2_3qufobnlYrvVEaVg, https://www.youtube.com/watch?v=1ZLko10yqsM&t=14s",,https://www.linkedin.com/company/hq-software/,,,,software company in United States of America
Software Development Company : Cloudester Software LLC,"85 Delancey St, New York, NY 10002",85 Delancey St,"New York, NY 10002",Software company,,(929) 325-0230,YES,,5,https://search.google.com/local/reviews?placeid=ChIJC3YhFgRbwokRrjy16JGm5io&authuser=0&hl=en&gl=US,3091341339841084590,,40.7187485,-73.989578,cloudester.com/,cloudester.com,Sunday(2026-02-01): [Closed],https://www.google.com/search?kgmid=/g/11n_t4_sbk,/g/11n_t4_sbk,https://www.google.com/maps?cid=3091341339841084590,ChIJC3YhFgRbwokRrjy16JGm5io,,,,,,,,,,software company in United States of America
eLuminous Technologies - Software Development Company in USA | New York,"708 3rd Ave, New York, NY 10017",708 3rd Ave,"New York, NY 10017",Software company,,(484) 401-9147,YES,,3.8,https://search.google.com/local/reviews?placeid=ChIJjW07quEAiYARMQg7Rvpi3g0&authuser=0&hl=en&gl=US,999344994382448689,,40.7524167,-73.973565,,,Sunday(2026-02-01): [Closed],https://www.google.com/search?kgmid=/g/11rtf6ps6_,/g/11rtf6ps6_,https://www.google.com/maps?cid=999344994382448689,ChIJjW07quEAiYARMQg7Rvpi3g0,,,,,,,,,,software company in United States of America
New York Software Developers,"80 Broad St #500, New York, NY 10004",80 Broad St #500,"New York, NY 10004",Software company,,(212) 221-1348,YES,,4.5,https://search.google.com/local/reviews?placeid=ChIJLwvrBbBYwokRowr6ooGhVjg&authuser=0&hl=en&gl=US,4059609692278229667,https://streetviewpixels-pa.googleapis.com/v1/thumbnail?panoid=XZHVz4mMz_fj9B0Jllye0Q&cb_client=search.gws-prod.gps&w=80&h=92&yaw=270.73767&pitch=0&thumbfov=100,40.7043392,-74.0117909,www.newyorksoftwaredevelopers.com/,newyorksoftwaredevelopers.com,Sunday(2026-02-01): [9 AM–6 PM],https://www.google.com/search?kgmid=/g/11byydyw9k,/g/11byydyw9k,https://www.google.com/maps?cid=4059609692278229667,ChIJLwvrBbBYwokRowr6ooGhVjg,"hello@newyorksoftwaredevelopers.com, hello@seattlesoftwaredevelopers.com",https://www.facebook.com/NYSoftwareDevelopers,,,,https://www.linkedin.com/company/new-york-software-developers/,,,,software company in United States of America
Unified Infotech | Best Software Development Company,"79 Madison Ave #723, Manhattan, NY 10016",79 Madison Ave #723,"Manhattan, NY 10016","Software company, Business development service, Design agency, E commerce agency, Graphic designer, Information services, Internet marketing service, Marketing agency, Web hosting company, Website designer",,(201) 761-9432,YES,,5,https://search.google.com/local/reviews?placeid=ChIJM_cIOWZZwokRv78LPpHO-24&authuser=0&hl=en&gl=US,7997212686532984767,,40.7441779,-73.98541809999999,www.unifiedinfotech.net/services/custom-software-development/?utm_source=referral&utm_medium=GMB+USA&utm_id=GMB,unifiedinfotech.net,Sunday(2026-02-01): [Closed],https://www.google.com/search?kgmid=/g/11g18_5z0_,/g/11g18_5z0_,https://www.google.com/maps?cid=7997212686532984767,ChIJM_cIOWZZwokRv78LPpHO-24,"career-banner@2x.jpg, office@1.5x.jpg",https://www.facebook.com/unifiedinfotech/,https://www.instagram.com/unified.infotech/,,,"https://www.linkedin.com/company/unifiedinfotech/, https://www.linkedin.com/jobs/search/?currentJobId=4168296434&f_C=3592321&geoId=92000000&origin=COMPANY_PAGE_JOBS_CLUSTER_EXPANSION&originToLandingJobPostings=4168296434%2C4146583495%2C4168223111%2C4168231807%2C4168233581%2C4168218747%2C4164304220%2C4168234556%2C4168217808",,,,software company in United States of America
ManuDyn Cloud 9 by Manufacturing Software USA,"54 W 40th St, New York, NY 10018",54 W 40th St,"New York, NY 10018",Software company,,+1 1300674357,NO,,5,https://search.google.com/local/reviews?placeid=ChIJY2Gxi6pZwokR_yKfJuj9fYg&authuser=0&hl=en&gl=US,9835296334769234687,https://streetviewpixels-pa.googleapis.com/v1/thumbnail?panoid=wstvVXAJ-DKkCjmPP0lIWg&cb_client=search.gws-prod.gps&w=80&h=92&yaw=212.32153&pitch=0&thumbfov=100,40.752973999999995,-73.9842196,www.manudyn.com/contact-manufacturing-software.aspx,manudyn.com,,https://www.google.com/search?kgmid=/g/11c58nl662,/g/11c58nl662,https://www.google.com/maps?cid=9835296334769234687,ChIJY2Gxi6pZwokR_yKfJuj9fYg,"david.f@spamprotect.manudyn.co.uk, mark@spamprotect.manudyn.com, michael@spamprotect.manudyn.com, username@gmail.com",,,,,,,,,software company in United States of America
Enigma Technologies,"32 Mercer St 8th Fl, New York, NY 10013",32 Mercer St 8th Fl,"New York, NY 10013",Software company,,(800) 510-2856,NO,,4.7,https://search.google.com/local/reviews?placeid=ChIJsaezNIlZwokR4CqK6QNOU8E&authuser=0&hl=en&gl=US,13930563851097090784,https://streetviewpixels-pa.googleapis.com/v1/thumbnail?panoid=lIOtaBSgi2wcn6PCIKC8VA&cb_client=search.gws-prod.gps&w=80&h=92&yaw=138.67206&pitch=0&thumbfov=100,40.7209772,-74.0015815,enigma.com/,enigma.com,,https://www.google.com/search?kgmid=/g/12q4v1gdh,/g/12q4v1gdh,https://www.google.com/maps?cid=13930563851097090784,ChIJsaezNIlZwokR4CqK6QNOU8E,,,,,,https://www.linkedin.com/company/enigma-technologies-inc-/,https://twitter.com/enigma_data,,,software company in United States of America
Oxagile - Custom Software Development Company,"165 Broadway 23rd Floor, New York, NY 10006",165 Broadway 23rd Floor,"New York, NY 10006",Software company,,(855) 466-9244,YES,,5,https://search.google.com/local/reviews?placeid=ChIJB269ZSj2wokRjYxFK6D65hM&authuser=0&hl=en&gl=US,1434109097191771277,https://streetviewpixels-pa.googleapis.com/v1/thumbnail?panoid=NxJH5izT1SJDImOgO44r0w&cb_client=search.gws-prod.gps&w=80&h=92&yaw=353.16605&pitch=0&thumbfov=100,40.709619499999995,-74.01050839999999,www.oxagile.com/,oxagile.com,Sunday(2026-02-01): [Closed],https://www.google.com/search?kgmid=/g/11gz9qz67,/g/11gz9qz67,https://www.google.com/maps?cid=1434109097191771277,ChIJB269ZSj2wokRjYxFK6D65hM,,,,,,,,,,software company in United States of America
Hyperlink Infosystem,"285 Fulton St Suite 8500, New York, NY 10007",285 Fulton St Suite 8500,"New York, NY 10007",Software company,,(309) 791-4105,YES,,4.7,https://search.google.com/local/reviews?placeid=ChIJQxDwzxtawokRVYGbs089Gso&authuser=0&hl=en&gl=US,14563019757580943701,,40.713637999999996,-74.0087211,www.hyperlinkinfosystem.com/,hyperlinkinfosystem.com,Sunday(2026-02-01): [Open 24 hours],https://www.google.com/search?kgmid=/g/11f53pg47b,/g/11f53pg47b,https://www.google.com/maps?cid=14563019757580943701,ChIJQxDwzxtawokRVYGbs089Gso,info@hyperlinkinfosystem.com,https://www.facebook.com/Hyperlink-infosystem-140449209446270/,https://www.instagram.com/hyperlink_infosystem/,https://www.youtube.com/channel/UC1-3xlMsMK-47ew6WfbLqsQ,,https://www.linkedin.com/company/hyperlinkinfosystem,https://twitter.com/hyperlinkinfo,,,software company in United States of America
Imenso Software - Software Development Company in USA,"2096 White Plains Rd Unit #3001, Bronx, NY 10462",2096 White Plains Rd Unit #3001,"Bronx, NY 10462",Software company,,(315) 352-0305,NO,,5,https://search.google.com/local/reviews?placeid=ChIJ97V6Mun1wokRD7UPT9qIY1g&authuser=0&hl=en&gl=US,6369084769242690831,https://streetviewpixels-pa.googleapis.com/v1/thumbnail?panoid=R-JmDZ3yXzLoc3CgRN5Dqw&cb_client=search.gws-prod.gps&w=80&h=92&yaw=99.47639&pitch=0&thumbfov=100,40.853163699999996,-73.86740499999999,www.imensosoftware.com/,imensosoftware.com,Sunday(2026-02-01): [Closed],https://www.google.com/search?kgmid=/g/11v_3t8_2t,/g/11v_3t8_2t,https://www.google.com/maps?cid=6369084769242690831,ChIJ97V6Mun1wokRD7UPT9qIY1g,info@imensosoftware.com,https://www.facebook.com/imensosoftware,https://www.instagram.com/imensosoftware,,,https://in.linkedin.com/company/imenso-software,https://twitter.com/imensosoftware,,,software company in United States of America
Trango Tech New York - Mobile App development Company,"459 Columbus Ave unit 1090, New York, NY 10024",459 Columbus Ave unit 1090,"New York, NY 10024",Software company,,(833) 442-2270,YES,,4.8,https://search.google.com/local/reviews?placeid=ChIJKzaUn_KNbSMRac-UQyoHvUw&authuser=0&hl=en&gl=US,5529583795584683881,,40.7837187,-73.973889,trangotech.com/mobile/app-development-new-york-city/?utm_source=GMB&utm_medium=GMB+NYC&utm_campaign=GMB+NYC,trangotech.com,Sunday(2026-02-01): [Closed],https://www.google.com/search?kgmid=/g/11v5x4qgz5,/g/11v5x4qgz5,https://www.google.com/maps?cid=5529583795584683881,ChIJKzaUn_KNbSMRac-UQyoHvUw,abc@example.com,https://www.facebook.com/trangotech,https://www.instagram.com/trango_tech/,,,https://www.linkedin.com/company/trangotech/,https://twitter.com/TrangoTech,,,software company in United States of America
App Development Companies,"285 Fulton St Suite 8500, New York, NY 10007",285 Fulton St Suite 8500,"New York, NY 10007",Software company,,(646) 571-3497,YES,,5,https://search.google.com/local/reviews?placeid=ChIJ6-wdupNbwokR973lA63w2bI&authuser=0&hl=en&gl=US,12887596434582781431,,40.713637999999996,-74.0087211,appdevelopmentcompanies.co/,appdevelopmentcompanies.co,Sunday(2026-02-01): [Open 24 hours],https://www.google.com/search?kgmid=/g/11hyfw3wrj,/g/11hyfw3wrj,https://www.google.com/maps?cid=12887596434582781431,ChIJ6-wdupNbwokR973lA63w2bI,Pepper_Square_Logo_Red@2x.jpg,https://www.facebook.com/App-Development-Companies-744965469233553/,https://www.instagram.com/appdevfirms/,,,https://www.linkedin.com/company/app-development-companies,https://twitter.com/AppDevFirms,,,software company in United States of America
TechnBrains New York - Mobile App Development Company,"165 Broadway Suite # 1007, 23rd Floor, New York, NY 10006",165 Broadway Suite # 1007,23rd Floor,Software company,,(833) 888-6032,YES,,4.7,https://search.google.com/local/reviews?placeid=ChIJoW2HOJxbwokR_Kz4OpaGs9w&authuser=0&hl=en&gl=US,15903202688967945468,,40.709619499999995,-74.01050839999999,www.technbrains.com/locations/mobile-app-development-company-new-york-city?utm_source=gmb&utm_medium=organic&utm_campaign=gmb-nyc&utm_id=gmb-nyc,technbrains.com,Sunday(2026-02-01): [Closed],https://www.google.com/search?kgmid=/g/11kvr3sfbp,/g/11kvr3sfbp,https://www.google.com/maps?cid=15903202688967945468,ChIJoW2HOJxbwokR_Kz4OpaGs9w,"Contact@technbrains.com, contact@technbrains.com",,,,,,,,,software company in United States of America
Cuelogic Technologies An LTI Company,"134 W 29th St #610, New York, NY 10001",134 W 29th St #610,"New York, NY 10001",Software company,,(347) 374-8437,NO,,4.3,https://search.google.com/local/reviews?placeid=ChIJhcHnd69ZwokR0l7DMAOkXFI&authuser=0&hl=en&gl=US,5934798742577438418,https://streetviewpixels-pa.googleapis.com/v1/thumbnail?panoid=QXRlPIVaCp_bluVbqtN5Jw&cb_client=search.gws-prod.gps&w=80&h=92&yaw=209.85324&pitch=0&thumbfov=100,40.7471397,-73.9917813,www.cuelogic.com/custom-software-development,cuelogic.com,Sunday(2026-02-01): [Closed],https://www.google.com/search?kgmid=/g/11c1rs8xbq,/g/11c1rs8xbq,https://www.google.com/maps?cid=5934798742577438418,ChIJhcHnd69ZwokR0l7DMAOkXFI,,,,,,,,,,software company in United States of America
DOMYNATE NYC,"40 Wall St, New York, NY 10005",40 Wall St,"New York, NY 10005",Software company,,(646) 389-2789,NO,,5,https://search.google.com/local/reviews?placeid=ChIJl1utfEpbwokR04-WUytBwR0&authuser=0&hl=en&gl=US,2144066551946842067,https://streetviewpixels-pa.googleapis.com/v1/thumbnail?panoid=hq9t8QrdVSq-oWXMUAdz7w&cb_client=search.gws-prod.gps&w=80&h=92&yaw=34.86457&pitch=0&thumbfov=100,40.7068657,-74.0097069,,,Sunday(2026-02-01): [Open 24 hours],https://www.google.com/search?kgmid=/g/11lr24nmh2,/g/11lr24nmh2,https://www.google.com/maps?cid=2144066551946842067,ChIJl1utfEpbwokR04-WUytBwR0,,,,,,,,,,software company in United States of America
"ANGLER Technologies USA Inc - Development of Android & iOS Mobile Apps, Open Source & Microsoft, End-to-end Software Testing","305 Madison Ave #449, New York, NY 10165",305 Madison Ave #449,"New York, NY 10165",Software company,,(646) 290-8609,YES,,,https://search.google.com/local/reviews?placeid=ChIJB4AsfHtZwokRMwUAITA6nig&authuser=0&hl=en&gl=US,2926840786223891763,https://streetviewpixels-pa.googleapis.com/v1/thumbnail?panoid=_LR822D_u1Mrd_rrC1kSfg&cb_client=search.gws-prod.gps&w=80&h=92&yaw=109.53937&pitch=0&thumbfov=100,40.7523183,-73.9792271,www.angleritech.com/,angleritech.com,Sunday(2026-02-01): [Closed],https://www.google.com/search?kgmid=/g/11hywk971p,/g/11hywk971p,https://www.google.com/maps?cid=2926840786223891763,ChIJB4AsfHtZwokRMwUAITA6nig,enquiry@angleritech.com,https://www.facebook.com/anglertech,,http://www.youtube.com/user/angleritech,,http://www.linkedin.com/company/angler-techonolgies-p-ltd,"http://twitter.com/anglertech, https://twitter.com/anglertech",,,software company in United States of America
American Software,"29-31 Freeman St, Newark, NJ 07105",29-31 Freeman St,"Newark, NJ 07105",Software company,,(212) 219-4014,NO,,,https://search.google.com/local/reviews?placeid=ChIJVVUlbvNTwokRWkKOsQ7XSo8&authuser=0&hl=en&gl=US,10325301553808687706,https://streetviewpixels-pa.googleapis.com/v1/thumbnail?panoid=m03L1wndaOarrqxoyh2dYg&cb_client=search.gws-prod.gps&w=80&h=92&yaw=272.72784&pitch=0&thumbfov=100,40.7327286,-74.14534259999999,www.american-software.com/,american-software.com,Sunday(2026-02-01): [Closed],https://www.google.com/search?kgmid=/g/11h06n4mnn,/g/11h06n4mnn,https://www.google.com/maps?cid=10325301553808687706,ChIJVVUlbvNTwokRWkKOsQ7XSo8,info@american-software.com,,,,,,,,,software company in United States of America
Vention,"575 Lexington Ave Floor 14, New York, NY 10022",575 Lexington Ave Floor 14,"New York, NY 10022",Software company,,(718) 374-5043,YES,,4.9,https://search.google.com/local/reviews?placeid=ChIJiwkSWvxYwokRk5NPIfqFYlQ&authuser=0&hl=en&gl=US,6080569756250772371,,40.7573686,-73.97149809999999,ventionteams.com/?utm_source=google&utm_medium=organic&utm_campaign=gbp-ny,ventionteams.com,Sunday(2026-02-01): [Closed],https://www.google.com/search?kgmid=/g/11fzfc1ds4,/g/11fzfc1ds4,https://www.google.com/maps?cid=6080569756250772371,ChIJiwkSWvxYwokRk5NPIfqFYlQ,"careers@ventionteams.com, hello@ventionteams.com, vendors.partnership@ventionteams.com",,https://www.instagram.com/ventionteams/,https://www.youtube.com/@VentionTeams,,https://www.linkedin.com/company/ventionteams/,,,,software company in United States of America
Software Company Brooklyn,"910 Grand St, Brooklyn, NY 11211",910 Grand St,"Brooklyn, NY 11211",Software company,,(404) 800-2589,NO,,2,https://search.google.com/local/reviews?placeid=ChIJydyXGW5ZwokR3C9BUFBiLLI&authuser=0&hl=en&gl=US,12838744734809796572,https://streetviewpixels-pa.googleapis.com/v1/thumbnail?panoid=KVsKZC85T83RRCOR6GXTcg&cb_client=search.gws-prod.gps&w=80&h=92&yaw=183.49821&pitch=0&thumbfov=100,40.7123847,-73.9377762,,,,https://www.google.com/search?kgmid=/g/11g180tlq9,/g/11g180tlq9,https://www.google.com/maps?cid=12838744734809796572,ChIJydyXGW5ZwokR3C9BUFBiLLI,,,,,,,,,,software company in United States of America
U S Software Inc,"197-17 100th Ave, Hollis, NY 11423",197-17 100th Ave,"Hollis, NY 11423",Software company,,(646) 766-8222,NO,,,https://search.google.com/local/reviews?placeid=ChIJc3uOauRhwokRIJZPuHNpJuc&authuser=0&hl=en&gl=US,16656116217610737184,https://streetviewpixels-pa.googleapis.com/v1/thumbnail?panoid=b74IXTvcDKh622nwLt9CqQ&cb_client=search.gws-prod.gps&w=80&h=92&yaw=235.4958&pitch=0&thumbfov=100,40.7103979,-73.7615412,ussoftwareinc.com/,ussoftwareinc.com,Sunday(2026-02-01): [Closed],https://www.google.com/search?kgmid=/g/11shkghrqh,/g/11shkghrqh,https://www.google.com/maps?cid=16656116217610737184,ChIJc3uOauRhwokRIJZPuHNpJuc,,https://www.facebook.com/ussoftwareinc,https://www.instagram.com/ussoftwareinc/,,,,https://twitter.com/ussoftwareinc13,,,software company in United States of America
"OTS Solutions - Leading IT Consulting and Services Firm in New York, USA","315 W 36th St., New York, NY 10018",315 W 36th St.,"New York, NY 10018",Software company,,(732) 588-7500,YES,,5,https://search.google.com/local/reviews?placeid=ChIJnbr2woa4w4kRwYyx2QXbmVY&authuser=0&hl=en&gl=US,6240259576872144065,https://streetviewpixels-pa.googleapis.com/v1/thumbnail?panoid=oOYZ6Z6G0jNyr2qZF5OYHQ&cb_client=search.gws-prod.gps&w=80&h=92&yaw=27.877762&pitch=0&thumbfov=100,40.754057499999995,-73.9933502,www.otssolutions.com/,otssolutions.com,Sunday(2026-02-01): [Closed],https://www.google.com/search?kgmid=/g/11bycjyh_h,/g/11bycjyh_h,https://www.google.com/maps?cid=6240259576872144065,ChIJnbr2woa4w4kRwYyx2QXbmVY,info@otssolutions.com,https://www.facebook.com/OTSSolutions/,https://www.instagram.com/otssolutions/,,,https://www.linkedin.com/company/ots-solutions,,,,software company in United States of America
SAP America Inc.,"10 Hudson Yards, Manhattan, NY 10001",10 Hudson Yards,"Manhattan, NY 10001","Software company, Corporate office",,(212) 653-9600,YES,,4.8,https://search.google.com/local/reviews?placeid=ChIJkY_kHO1ZwokRQWVSxXcQMpQ&authuser=0&hl=en&gl=US,10678615773046531393,,40.7530467,-74.0013669,www.sap.com/?url_id=Google_Maps,sap.com,Sunday(2026-02-01): [Closed],https://www.google.com/search?kgmid=/g/1tcvq5hq,/g/1tcvq5hq,https://www.google.com/maps?cid=10678615773046531393,ChIJkY_kHO1ZwokRQWVSxXcQMpQ,,,,,,,,,,software company in United States of America
Eze Software - New York Office,"622 3rd Ave, New York, NY 10017",622 3rd Ave,"New York, NY 10017",Software company,,(617) 316-1000,NO,,5,https://search.google.com/local/reviews?placeid=ChIJHwqo_wFZwokRPRlaaxplTxE&authuser=0&hl=en&gl=US,1247326785949538621,https://streetviewpixels-pa.googleapis.com/v1/thumbnail?panoid=PwPzFQ153oQY6kFfRKNTsg&cb_client=search.gws-prod.gps&w=80&h=92&yaw=295.95813&pitch=0&thumbfov=100,40.7497025,-73.975504,www.ezesoft.com/company/office-locations,ezesoft.com,,https://www.google.com/search?kgmid=/g/1vv2t4j7,/g/1vv2t4j7,https://www.google.com/maps?cid=1247326785949538621,ChIJHwqo_wFZwokRPRlaaxplTxE,,,,https://www.youtube.com/c/EzeSoftware,,https://www.linkedin.com/company/ezesoftware/,http://twitter.com/ssctechnologies,,,software company in United States of America
"ESoftware Associates, Inc - Microsoft 365, SharePoint, Copilot & Power Platform Experts","228 Park Ave S #28801, New York, NY 10003",228 Park Ave S #28801,"New York, NY 10003","Software company, Computer support and services, Computer training school, Consultant, Data entry service, Computer consultant",,(800) 682-0882,YES,,5,https://search.google.com/local/reviews?placeid=ChIJs5Cx1KVZwokRBAc_QiOIRZY&authuser=0&hl=en&gl=US,10828210564098885380,,40.7377307,-73.9884187,www.eswcompany.com/,eswcompany.com,Sunday(2026-02-01): [Open 24 hours],https://www.google.com/search?kgmid=/g/1tl7pmvl,/g/1tl7pmvl,https://www.google.com/maps?cid=10828210564098885380,ChIJs5Cx1KVZwokRBAc_QiOIRZY,consulting@eswassoc.com,https://www.facebook.com/esoftwareassociates/,https://www.instagram.com/,https://www.youtube.com/channel/UC51-B7jSF6J5-fE21PL5kRw,,https://www.linkedin.com/company/excelhelp.com/,https://twitter.com/ESWCOMPANY,,,software company in United States of America
"Thoughtworks, Inc.","99 Madison Ave 12th Floor, New York, NY 10016",99 Madison Ave 12th Floor,"New York, NY 10016",Software company,,(646) 412-5200,YES,,4.5,https://search.google.com/local/reviews?placeid=ChIJQ7L6xKdZwokR344EGhQbe3o&authuser=0&hl=en&gl=US,8825677667912421087,,40.744701,-73.98491349999999,www.thoughtworks.com/,thoughtworks.com,Sunday(2026-02-01): [Closed],https://www.google.com/search?kgmid=/g/1ydddky33,/g/1ydddky33,https://www.google.com/maps?cid=8825677667912421087,ChIJQ7L6xKdZwokR344EGhQbe3o,"contact-us@thoughtworks.com, privacyofficer@thoughtworks.com",https://www.facebook.com/Thoughtworks,https://www.instagram.com/thoughtworks/,"https://www.youtube.com/user/thoughtworks, https://www.youtube.com/watch?v=QjTF8GWGgFw&list=PL8f-F_Zx8XA-mvWxHc5YfSQMHqYB3W2kf&index=4",,https://www.linkedin.com/company/thoughtworks/,,,,software company in United States of America
Asahi Technologies LLC,"1460 Broadway, New York, NY 10036",1460 Broadway,"New York, NY 10036",Software company,,(212) 717-1812,YES,,5,https://search.google.com/local/reviews?placeid=ChIJPUclyqlZwokRzXLO-NfCcoQ&authuser=0&hl=en&gl=US,9543904793199538893,https://streetviewpixels-pa.googleapis.com/v1/thumbnail?panoid=K0PxcJ3iVCyvQ06jGZ3E1g&cb_client=search.gws-prod.gps&w=80&h=92&yaw=32.979626&pitch=0&thumbfov=100,40.7551279,-73.9861749,asahitechnologies.com/,asahitechnologies.com,Sunday(2026-02-01): [Closed],https://www.google.com/search?kgmid=/g/1s048pkc5,/g/1s048pkc5,https://www.google.com/maps?cid=9543904793199538893,ChIJPUclyqlZwokRzXLO-NfCcoQ,consult@asahitechnologies.com,https://www.facebook.com/Asahi.Technologies,,,,https://www.linkedin.com/company/asahi-technologies,https://twitter.com/asahi_tech,,,software company in United States of America
