Company Name,Website,Emails,Facebook,LinkedIn,Instagram,Twitter,YouTube,TikTok,Category,Date Added
Quality AC Repair Services for Your Comfort,https://airprosusa.com/air-conditioner/ac-repair/,,HVAC & AC repair,2026-02-04,https://www.facebook.com/AirProsUSA,,https://www.instagram.com/airprosusa/,https://twitter.com/AirProsUSA,,https://www.tiktok.com/@airprosonesource?lang=en
Goodman: Air Conditioning and Heating Systems,https://www.goodmanmfg.com/,,HVAC & AC repair,2026-02-04,,,,,,
HVAC Services - Home Comfort USA,https://www.homecomfortusa.com/services/,,HVAC & AC repair,2026-02-04,,,,,,
Service Experts,https://www.serviceexperts.com/,example@domain.com,HVAC & AC repair,2026-02-04,https://www.facebook.com/ServiceExpertsHeatingandAirConditioning/,https://www.linkedin.com/company/service-experts,https://www.instagram.com/service_experts/?hl=en,,,
Repair USA,https://www.repairusa.com/,sales@repairusa.com,HVAC & AC repair,2026-02-04,https://facebook.com/people/Repair-USA-Heating-Air-Conditioning/100063824896218/,,,,,
AC Service Tech: HVAC Training,https://www.acservicetech.com/,"1eeb89147c984dc6bc3ffafd9e6cd089@sentry.wixpress.com, 2062d0a4929b45348643784b5cb39c36@sentry.wixpress.com, 271e9fa3230b4eec94b02bf95780f5f2@sentry.wixpress.com, 460ff4620fa44cba8df530afde949785@sentry.wixpress.com, 605a7baede844d278b89dc95ae0a9123@sentry-next.wixpress.com, 79baaa8e09c746d2b7401643b99792e0@sentry.wixpress.com, 88170cb0c9d64f94b5821ca7fd2d55a4@sentry-next.wixpress.com, 8c4075d5481d476e945486754f783364@sentry.io, 8eb368c655b84e029ed79ad7a5c1718e@sentry.wixpress.com, 98b21aa53d68482b8414e892d9af0e5f@sentry-next.wixpress.com, 9a65e97ebe8141fca0c4fd686f70996b@sentry.wixpress.com, ed436f5053144538958ad06a5005e99a@sentry.wixpress.com, f36cc48fb72b4d298c835f2793cf3b84@sentry-next.wixpress.com, info@acservicetech.com",HVAC & AC repair,2026-02-04,https://www.facebook.com/acservicetech,https://www.linkedin.com/company/ac-service-tech-llc/,https://www.instagram.com/acservicetech/,https://twitter.com/acservicetech,https://www.youtube.com/channel/UCOZR-1IqsAer9wzlvFgb4mA/,https://www.tiktok.com/@acservicetech
HVAC Repair: Heating & AC Repair + Installation,https://www.aireserv.com/,,HVAC & AC repair,2026-02-04,,,,,,
Denver AC Repair,https://www.brothersplumbing.com/denver-ac-repair/,,HVAC & AC repair,2026-02-04,"https://www.facebook.com/BrothersPlumbingHeatingElectric, https://www.facebook.com/pg/BrothersPlumbingHeatingElectric/reviews/",https://www.linkedin.com/company/brothers-plumbing-heating-and-electric,https://www.instagram.com/brothers_plumbing/,https://twitter.com/brotherplumbing,https://www.youtube.com/user/brothersplumbing,
Air Conditioning Service Guide,https://www.carrier.com/residential/en/us/products/air-conditioners/air-conditioner-service/,"Containeraftermarketparts@carrier.com, cap-asia@carrier.com, container.support@carrier.com, rcg.Rotterdam@carrier.com",HVAC & AC repair,2026-02-04,https://www.facebook.com/CarrierGlobal/,https://www.linkedin.com/company/carrier/,https://www.instagram.com/carrier/,https://twitter.com/carrier,https://www.youtube.com/Carrierofficial,https://www.tiktok.com/discover/carrier-global-corporation
Downtown Air and Heat: Orlando HVAC Services & AC Repair,https://downtown-air.com/,,HVAC & AC repair,2026-02-04,,,,,,
Air Conditioning Repair & Service in Maryland - Constellation Home,https://www.constellationhome.com/md/cooling/ac-repair/,,HVAC & AC repair,2026-02-04,,,,,,
Expert HVAC Near Me,https://www.onehourheatandair.com/,,HVAC & AC repair,2026-02-04,,,,,,
YORK,https://www.york.com/,,HVAC & AC repair,2026-02-04,,,,,,
Heating Repair Contractor,https://wrightacandheating.com/,,HVAC & AC repair,2026-02-04,,,,,,
Jacksonville's Go-To HVAC Company for Heating Repair & AC ...,https://www.coolrusnfl.com/,,HVAC & AC repair,2026-02-04,,,,,,
"Reliable Heating & Air: Atlanta AC Repair, HVAC Service & Install ...",https://reliableair.com/,,HVAC & AC repair,2026-02-04,,,,,,
"HVAC Contractor in Hendersonville, NC - Licensed & Insured",https://horizonheatac.com/,,HVAC & AC repair,2026-02-04,,,,,,
Bob's Heating & Air Conditioning: Residential HVAC Company You ...,https://www.bobsheating.com/,,HVAC & AC repair,2026-02-04,,,,,,
Goldkamp Heating & Cooling: Furnace Repair Florissant MO,https://www.goldkamphvac.com/,,HVAC & AC repair,2026-02-04,,,,,,
Goettl Air Conditioning Services - Plumbing - Heating - HVAC,https://www.goettl.com/,,HVAC & AC repair,2026-02-04,,,,,,
